tor	5	3
bos	4	4
nyy	4	4
tb	3	5
bal	3	6
ana	6	3
sea	3	2
tex	4	5
oak	4	6
det	5	3
min	5	3
cle	3	2
cws	4	4
kc	3	6
atl	7	1
nym	5	3
fla	5	4
phi	2	6
was	1	8
ari	7	3
la	6	3
sd	6	3
col	4	5
sf	2	7
cin	5	4
mil	5	4
stl	5	4
pit	4	5
chc	3	5
hou	3	5
tor	5	4
bos	4	4
nyy	4	4
bal	4	6
tb	3	6
ana	6	4
sea	3	2
tex	4	5
oak	4	6
det	6	3
min	6	3
cle	4	2
cws	4	4
kc	3	7
atl	7	2
nym	6	3
fla	5	4
phi	2	7
was	2	8
ari	7	3
la	6	3
sd	6	3
col	4	5
sf	2	7
cin	5	4
mil	5	4
stl	5	4
pit	4	5
chc	3	5
hou	3	5
tor	6	4
bos	5	4
bal	5	6
nyy	4	5
tb	4	6
ana	6	5
tex	5	5
sea	3	3
oak	5	6
det	6	4
min	6	4
cle	4	3
cws	5	4
kc	3	8
atl	7	3
nym	7	3
fla	6	4
phi	2	8
was	2	9
la	7	3
ari	7	4
sd	6	4
col	5	5
sf	3	7
cin	6	4
mil	5	4
stl	5	4
hou	4	5
pit	4	6
chc	3	6
bos	6	4
tor	6	5
bal	6	6
nyy	5	5
tb	4	7
sea	4	3
ana	6	6
tex	5	6
oak	5	7
det	7	4
min	7	4
cle	5	3
cws	5	5
kc	3	9
atl	7	3
nym	7	4
fla	6	4
phi	3	8
was	3	9
ari	8	4
la	7	4
sd	7	4
col	5	6
sf	3	7
mil	6	4
cin	6	5
stl	5	5
chc	4	6
hou	4	6
pit	4	6
bos	6	4
tor	7	5
bal	6	6
nyy	5	6
tb	5	7
sea	5	3
ana	6	6
oak	6	7
tex	5	7
cle	6	3
det	7	5
min	7	5
cws	5	6
kc	3	9
atl	8	3
nym	7	4
fla	6	5
phi	3	8
was	3	9
ari	9	4
la	8	4
sd	7	5
col	5	7
sf	3	7
cin	7	5
mil	6	5
stl	6	5
hou	4	6
pit	4	6
chc	4	7
bos	7	4
tor	7	5
bal	7	6
nyy	5	6
tb	5	8
sea	5	3
ana	6	7
oak	6	7
tex	5	7
cle	6	3
det	8	5
min	7	5
cws	5	6
kc	3	10
atl	8	4
nym	7	4
fla	6	6
was	4	9
phi	3	8
la	9	4
ari	9	5
sd	7	6
col	5	8
sf	4	7
mil	7	5
cin	7	6
stl	6	6
hou	5	6
pit	5	6
chc	5	7
tor	8	5
bos	7	5
bal	7	7
nyy	6	6
tb	6	8
sea	5	4
oak	7	7
tex	6	7
ana	6	8
det	9	5
min	8	5
cle	6	4
cws	5	7
kc	3	11
atl	9	4
nym	8	4
fla	6	7
was	4	10
phi	3	9
la	10	4
ari	9	6
sd	8	6
col	6	8
sf	4	8
cin	8	6
mil	7	6
hou	6	6
pit	6	6
stl	6	7
chc	5	8
bos	8	5
tor	8	6
nyy	7	6
bal	8	7
tb	6	9
oak	8	7
sea	5	5
tex	6	8
ana	6	9
min	9	5
det	9	6
cle	6	5
cws	6	7
kc	4	11
atl	10	4
nym	9	4
fla	6	8
was	5	10
phi	3	10
la	10	5
ari	10	6
sd	8	7
col	7	8
sf	5	8
mil	8	6
hou	7	6
cin	8	7
pit	6	7
stl	6	8
chc	5	9
bos	9	5
nyy	8	6
bal	8	7
tor	8	7
tb	6	9
oak	8	7
sea	5	6
ana	6	9
tex	6	9
min	10	5
det	9	6
cws	7	7
cle	6	6
kc	4	11
nym	10	4
atl	10	5
fla	6	9
was	5	11
phi	4	10
la	11	5
ari	10	7
sd	9	7
col	7	9
sf	6	8
mil	9	6
hou	8	6
cin	8	8
pit	6	8
chc	6	9
stl	6	9
bos	10	5
bal	9	7
nyy	8	7
tor	8	8
tb	6	10
oak	9	7
ana	7	9
sea	5	7
tex	6	10
min	10	6
det	9	7
cle	7	6
cws	8	7
kc	5	11
atl	11	5
nym	10	5
fla	6	10
was	6	11
phi	4	11
la	12	5
sd	10	7
ari	10	8
sf	7	8
col	7	10
hou	9	6
mil	9	7
cin	9	8
stl	7	9
pit	6	9
chc	6	10
bos	11	5
bal	10	7
nyy	8	8
tor	8	9
tb	7	10
oak	9	8
ana	8	9
tex	7	10
sea	5	8
min	11	6
cws	9	7
det	9	8
cle	7	7
kc	5	12
nym	11	5
atl	11	6
fla	7	10
was	6	12
phi	5	11
la	13	5
sd	11	7
ari	10	9
sf	8	8
col	7	11
mil	10	7
hou	9	7
cin	9	9
chc	7	10
stl	7	10
pit	6	10
bos	12	5
bal	11	7
nyy	8	9
tor	8	10
tb	7	11
ana	9	9
oak	9	9
tex	8	10
sea	5	9
min	11	7
det	10	8
cle	8	7
cws	9	8
kc	6	12
atl	12	6
nym	11	6
fla	8	10
phi	6	11
was	6	13
la	13	6
sd	11	8
sf	9	8
ari	10	10
col	8	11
mil	11	7
hou	9	8
cin	9	10
stl	8	10
pit	7	10
chc	7	11
bos	12	6
bal	11	8
tor	9	10
nyy	8	10
tb	8	11
oak	10	9
ana	9	10
tex	8	11
sea	6	9
det	11	8
min	11	8
cle	9	7
cws	10	8
kc	6	13
nym	12	6
atl	12	7
fla	9	10
phi	7	11
was	6	13
la	13	6
sd	11	8
sf	9	8
ari	10	10
col	8	12
mil	12	7
hou	9	9
cin	9	10
stl	8	10
pit	7	10
chc	7	12
bos	12	7
bal	11	9
tor	10	10
tb	9	11
nyy	8	11
oak	11	9
ana	10	10
tex	8	11
sea	6	9
cle	10	7
cws	11	8
det	11	9
min	11	9
kc	6	14
nym	13	6
atl	13	7
fla	9	11
phi	8	11
was	6	14
la	13	7
sd	12	8
sf	10	8
ari	10	11
col	8	13
mil	13	7
cin	10	10
hou	9	10
pit	8	10
stl	8	11
chc	7	13
bos	13	7
bal	11	10
tor	10	10
tb	9	12
nyy	8	11
ana	11	10
oak	11	10
sea	7	9
tex	8	12
cle	11	7
det	12	9
cws	11	9
min	11	10
kc	7	14
nym	13	7
atl	13	8
fla	10	11
phi	9	11
was	6	15
la	13	8
sf	11	8
sd	12	9
ari	11	11
col	9	13
mil	13	8
cin	10	11
pit	9	10
hou	9	11
stl	9	11
chc	8	13
bos	14	7
tor	11	10
bal	11	11
tb	9	13
nyy	8	12
ana	12	10
oak	11	11
sea	8	9
tex	8	13
cle	12	7
det	12	9
cws	11	9
min	12	10
kc	7	15
nym	13	7
atl	13	8
fla	10	11
phi	9	12
was	7	15
sf	12	8
la	13	9
sd	12	10
ari	12	11
col	9	13
mil	13	8
pit	10	10
stl	10	11
cin	10	12
hou	9	12
chc	8	13
bos	15	7
tor	11	11
bal	11	12
tb	10	13
nyy	8	13
ana	12	11
sea	9	9
oak	11	12
tex	9	13
cle	13	7
cws	12	9
min	13	10
det	12	10
kc	7	16
atl	14	8
nym	13	8
fla	10	12
phi	10	12
was	8	15
la	14	9
sf	12	9
ari	13	11
sd	12	11
col	9	14
mil	14	8
pit	11	10
stl	10	12
cin	10	13
chc	9	13
hou	9	13
bos	15	8
bal	12	12
tor	11	12
tb	10	14
nyy	9	13
ana	13	11
oak	12	12
sea	9	10
tex	10	13
cle	13	8
min	14	10
cws	12	10
det	12	11
kc	8	16
atl	15	8
nym	14	8
fla	11	12
phi	10	13
was	8	16
la	14	10
ari	14	11
sf	12	10
sd	13	11
col	9	15
mil	14	9
pit	11	11
cin	11	13
chc	10	13
hou	10	13
stl	10	13
bos	16	8
tor	12	12
bal	12	13
tb	11	14
nyy	9	14
ana	14	11
sea	10	10
oak	12	13
tex	10	14
cle	14	8
min	14	11
det	13	11
cws	12	11
kc	8	17
nym	15	8
atl	15	9
fla	11	13
phi	11	13
was	8	17
la	15	10
ari	15	11
sf	12	11
sd	13	12
col	10	15
mil	15	9
cin	12	13
pit	11	12
chc	10	13
stl	10	13
hou	10	14
bos	16	8
tor	13	12
bal	12	14
tb	11	14
nyy	9	14
ana	15	11
sea	10	10
oak	12	13
tex	10	15
cle	14	8
det	14	11
min	14	11
cws	12	11
kc	8	18
atl	16	9
nym	15	9
fla	12	13
phi	11	14
was	9	17
ari	16	11
la	15	11
sf	13	11
sd	13	13
col	10	16
mil	16	9
pit	12	12
cin	12	13
chc	10	14
hou	10	14
stl	10	14
bos	16	9
tor	13	13
bal	12	15
tb	11	15
nyy	10	14
ana	16	11
sea	11	10
oak	13	13
tex	10	16
cle	15	8
det	15	11
min	15	11
cws	12	12
kc	8	19
atl	16	10
nym	15	10
fla	13	13
phi	12	14
was	9	18
la	16	11
ari	16	12
sf	13	12
sd	14	13
col	11	16
mil	17	9
cin	13	13
pit	12	12
chc	10	14
hou	10	15
stl	10	15
bos	17	9
tor	13	14
tb	12	15
bal	12	16
nyy	10	14
ana	16	12
sea	12	10
oak	13	14
tex	10	16
cle	16	8
det	16	11
min	15	12
cws	12	13
kc	9	19
atl	17	10
nym	16	10
fla	13	14
phi	12	15
was	9	19
la	17	11
ari	16	13
sf	14	12
sd	15	13
col	11	17
mil	18	9
cin	13	14
chc	12	14
pit	12	14
hou	11	15
stl	10	16
bos	18	9
tb	13	15
tor	13	15
nyy	12	14
bal	12	16
ana	16	13
sea	12	11
oak	13	14
tex	10	18
cle	17	8
det	16	11
min	15	13
cws	12	13
kc	10	19
atl	17	10
nym	17	10
fla	13	14
phi	13	15
was	9	19
la	17	11
sd	15	13
ari	16	14
sf	14	13
col	11	17
mil	18	10
pit	13	14
cin	13	15
chc	12	14
hou	12	15
stl	10	16
bos	19	9
bal	13	16
tb	13	16
tor	13	16
nyy	12	15
ana	17	13
sea	13	11
oak	14	14
tex	11	18
cle	17	9
det	17	11
min	15	14
cws	12	14
kc	10	20
atl	18	10
nym	18	10
fla	14	14
phi	13	16
was	9	20
la	17	12
sf	15	13
sd	15	14
ari	16	15
col	12	17
mil	19	10
chc	13	14
pit	13	15
cin	13	16
hou	12	16
stl	11	16
bos	19	10
bal	14	16
tb	14	16
nyy	13	15
tor	13	17
ana	17	14
sea	13	12
oak	14	15
tex	12	18
cle	17	10
det	18	11
min	16	14
cws	13	14
kc	10	21
nym	19	10
atl	18	11
fla	14	15
phi	13	17
was	9	21
la	18	12
sf	16	13
sd	16	14
ari	16	16
col	13	17
mil	20	10
chc	14	14
hou	13	16
pit	13	16
cin	13	17
stl	11	17
bos	20	10
nyy	14	15
bal	14	17
tb	14	17
tor	13	18
ana	17	15
oak	15	15
sea	13	13
tex	13	18
cle	18	10
det	19	11
min	16	15
cws	14	14
kc	10	22
atl	19	11
nym	19	11
fla	14	16
phi	14	17
was	9	22
la	18	13
sd	17	14
sf	16	14
ari	17	16
col	13	18
mil	21	10
chc	15	14
cin	14	17
hou	13	17
pit	13	17
stl	12	17
bos	20	10
nyy	14	16
tb	14	17
bal	14	18
tor	13	18
ana	17	15
sea	14	13
oak	15	15
tex	13	18
cle	19	10
det	19	11
min	16	15
cws	14	14
kc	10	22
atl	19	12
nym	19	12
fla	14	17
phi	14	18
was	9	23
la	19	13
sd	18	14
sf	17	14
ari	18	16
col	14	18
mil	22	10
chc	15	14
hou	14	17
cin	14	18
pit	13	17
stl	12	18
bos	21	10
nyy	15	16
bal	15	18
tb	14	18
tor	13	19
oak	16	15
ana	17	16
sea	14	14
tex	13	19
cle	20	10
det	20	11
min	17	15
cws	14	15
kc	10	23
atl	20	12
nym	20	12
fla	15	17
phi	14	19
was	9	24
la	19	14
sd	18	15
ari	19	16
sf	17	15
col	14	19
mil	23	10
chc	15	15
hou	15	17
pit	14	17
cin	14	19
stl	13	18
bos	22	10
nyy	16	16
bal	16	18
tb	14	19
tor	13	20
ana	18	16
sea	15	14
oak	16	16
tex	13	20
cle	20	11
det	20	12
min	17	16
cws	15	15
kc	11	23
atl	21	12
nym	21	12
fla	15	18
phi	15	19
was	9	25
la	20	14
sd	18	16
ari	19	17
sf	17	16
col	14	20
mil	24	10
chc	16	15
hou	16	17
pit	14	18
stl	14	18
cin	14	20
bos	23	10
bal	17	18
nyy	16	17
tb	14	20
tor	13	21
ana	19	16
oak	17	16
sea	15	15
tex	14	20
det	21	12
cle	20	12
cws	16	15
min	17	17
kc	11	24
atl	22	12
nym	21	12
fla	16	18
phi	15	19
was	9	25
la	20	15
ari	19	17
sd	18	17
sf	17	17
col	15	20
mil	24	10
chc	16	16
hou	16	18
pit	15	18
stl	14	18
cin	15	20
bos	23	11
bal	18	18
nyy	16	18
tb	14	21
tor	14	21
ana	20	16
oak	18	16
sea	16	15
tex	14	21
det	22	12
cle	20	13
cws	17	15
min	17	18
kc	11	25
atl	23	12
nym	22	12
fla	16	19
phi	16	19
was	10	25
la	21	15
ari	20	17
sd	19	17
sf	18	17
col	15	21
mil	24	11
chc	16	17
hou	16	19
pit	15	19
stl	14	19
cin	15	21
bos	24	11
bal	18	19
nyy	17	18
tor	15	21
tb	14	22
ana	21	16
oak	18	17
sea	16	16
tex	14	22
det	23	12
cle	21	13
cws	18	15
min	17	19
kc	11	26
atl	24	12
nym	22	13
phi	17	19
fla	16	20
was	11	25
la	22	15
ari	20	18
sd	19	18
sf	18	18
col	16	21
mil	25	11
hou	17	19
chc	16	18
stl	15	19
pit	15	20
cin	15	22
bos	25	11
bal	18	20
nyy	17	19
tb	15	22
tor	15	22
ana	21	17
oak	19	17
sea	17	16
tex	15	22
det	23	13
cle	21	14
cws	18	16
min	18	19
kc	12	26
atl	24	13
nym	23	13
phi	17	20
fla	16	21
was	12	25
la	23	15
sd	20	18
sf	19	18
ari	20	19
col	16	22
mil	25	12
hou	18	19
chc	17	18
pit	16	20
stl	15	20
cin	15	23
bos	26	11
nyy	17	19
bal	18	21
tor	16	22
tb	15	22
ana	22	17
sea	17	16
oak	19	18
tex	15	23
det	23	14
cle	21	14
cws	18	16
min	18	19
kc	13	26
nym	24	13
atl	24	14
phi	18	20
fla	16	22
was	13	25
la	23	16
sd	21	18
sf	19	18
ari	20	19
col	16	22
mil	25	13
hou	18	19
chc	17	19
pit	17	20
stl	16	20
cin	15	24
bos	26	12
nyy	17	19
bal	18	22
tor	17	22
tb	16	22
ana	22	18
sea	18	16
oak	20	18
tex	15	24
det	24	14
cle	22	14
cws	18	16
min	18	20
kc	13	27
atl	25	14
nym	24	14
phi	19	20
fla	17	22
was	13	26
la	24	16
ari	21	19
sd	21	19
sf	19	19
col	16	23
mil	25	14
hou	19	19
chc	18	19
pit	17	21
stl	16	21
cin	16	24
bos	26	12
nyy	18	20
tor	18	22
bal	18	23
tb	17	22
ana	23	18
sea	18	17
oak	20	19
tex	15	25
det	24	14
cle	23	14
cws	19	17
min	18	21
kc	14	27
nym	25	14
atl	25	15
phi	20	20
fla	18	22
was	14	26
la	25	16
sd	22	19
ari	21	20
sf	19	20
col	17	23
mil	25	15
hou	20	19
chc	18	20
pit	17	22
stl	16	22
cin	16	25
bos	28	12
nyy	18	21
tb	18	22
tor	18	22
bal	18	23
ana	24	18
oak	20	20
sea	18	18
tex	15	26
cle	24	14
det	24	16
cws	20	17
min	18	22
kc	15	27
nym	26	14
atl	25	16
phi	20	21
fla	18	23
was	15	26
la	25	16
sd	22	19
ari	22	20
sf	20	20
col	17	24
mil	26	15
hou	20	20
chc	18	21
pit	18	22
stl	16	22
cin	16	25
bos	28	12
bal	19	23
nyy	18	22
tb	18	23
tor	18	23
ana	25	18
oak	21	20
sea	18	19
tex	16	26
cle	25	14
det	25	16
cws	20	18
min	19	22
kc	16	27
nym	27	14
atl	25	16
phi	21	21
fla	19	23
was	15	27
la	25	17
sd	23	19
ari	22	21
sf	20	21
col	17	25
mil	26	16
hou	20	21
chc	19	21
pit	19	22
stl	16	23
cin	16	26
bos	29	13
bal	20	23
tor	19	23
nyy	18	23
tb	18	24
ana	26	18
oak	22	20
sea	19	19
tex	16	27
cle	25	15
det	26	16
cws	20	19
min	20	22
kc	16	28
nym	28	14
atl	26	17
phi	21	22
fla	20	23
was	15	28
la	25	18
sd	23	20
ari	23	21
sf	20	22
col	18	25
mil	26	17
hou	21	21
chc	20	21
pit	19	23
stl	16	24
cin	17	26
bos	30	13
bal	20	24
nyy	19	23
tor	19	24
tb	18	25
ana	27	18
oak	22	21
sea	19	20
tex	17	27
cle	26	15
det	27	16
cws	21	19
min	20	23
kc	17	28
nym	28	15
atl	26	18
phi	22	22
fla	21	23
was	16	28
la	25	19
sd	24	20
ari	24	21
sf	21	22
col	18	26
mil	27	17
hou	21	22
chc	20	22
pit	19	24
stl	16	25
cin	17	27
bos	30	14
nyy	20	23
bal	20	24
tor	19	24
tb	18	25
ana	27	18
oak	22	22
sea	19	21
tex	18	27
cle	27	15
det	27	16
cws	22	19
min	20	24
kc	17	28
nym	28	15
atl	26	18
phi	22	22
fla	21	23
was	16	29
la	25	20
sd	24	20
ari	25	21
sf	22	22
col	18	27
mil	28	17
hou	21	23
chc	20	22
pit	19	24
cin	18	27
stl	16	25
bos	31	14
nyy	20	24
tor	20	24
bal	20	25
tb	18	26
ana	28	18
oak	22	23
sea	20	21
tex	18	28
cle	27	16
det	27	17
cws	23	19
min	21	24
kc	18	28
nym	28	16
atl	27	18
fla	22	23
phi	22	23
was	17	29
la	26	20
sd	25	20
ari	25	22
sf	23	22
col	19	27
mil	28	18
hou	21	24
chc	20	23
pit	19	25
stl	17	25
cin	18	28
bos	31	15
nyy	21	24
bal	21	25
tor	20	25
tb	18	27
ana	28	19
oak	23	23
sea	21	21
tex	18	29
det	28	17
cle	27	17
cws	23	20
min	22	24
kc	19	28
nym	29	16
atl	27	19
phi	23	23
fla	22	24
was	18	29
la	27	20
sd	26	20
sf	24	22
ari	25	23
col	20	27
mil	28	19
hou	21	25
chc	20	24
pit	19	26
stl	18	25
cin	18	29
bos	31	15
nyy	21	24
tor	21	25
bal	21	26
tb	19	27
ana	28	20
oak	23	23
sea	21	22
tex	18	29
det	29	17
cle	28	17
cws	23	20
min	22	24
kc	19	29
nym	29	17
atl	28	19
fla	23	24
phi	23	24
was	19	29
la	27	20
sd	26	21
ari	26	23
sf	24	22
col	20	27
mil	28	19
chc	21	24
hou	21	26
stl	19	25
pit	19	27
cin	18	30
bos	32	15
nyy	21	25
tor	21	26
bal	21	27
tb	19	28
ana	29	20
oak	24	23
sea	22	22
tex	18	30
cle	29	17
det	29	18
cws	24	20
min	23	24
kc	19	30
nym	30	17
atl	28	20
phi	24	24
fla	23	25
was	20	29
la	28	20
sd	27	21
ari	27	23
sf	24	23
col	21	27
mil	28	20
chc	21	25
hou	21	27
pit	20	27
stl	19	26
cin	18	31
bos	33	15
tor	22	26
bal	22	27
nyy	21	26
tb	19	28
ana	30	20
sea	23	22
oak	24	24
tex	18	31
cle	30	17
det	29	19
cws	24	20
min	23	25
kc	19	31
nym	31	17
atl	28	21
phi	25	24
fla	23	26
was	20	30
la	28	21
sd	28	21
ari	28	23
sf	24	24
col	22	27
mil	28	21
chc	22	25
pit	21	27
stl	20	26
hou	21	28
cin	18	32
bos	34	15
bal	23	27
tor	22	27
nyy	21	27
tb	20	28
ana	31	20
sea	24	22
oak	24	25
tex	18	32
cle	31	17
det	29	20
cws	24	21
min	24	25
kc	19	32
nym	32	17
atl	28	22
phi	26	24
fla	23	27
was	21	30
la	29	21
sd	29	21
ari	29	23
sf	24	25
col	23	27
mil	28	22
chc	22	26
pit	22	27
stl	20	27
hou	21	29
cin	18	33
bos	35	15
bal	24	27
tor	23	27
nyy	21	28
tb	21	28
ana	31	21
sea	25	22
oak	25	25
tex	18	33
cle	31	18
det	29	21
cws	24	22
min	25	25
kc	19	33
nym	32	17
atl	29	22
phi	26	25
fla	24	27
was	21	30
la	29	21
sd	29	21
ari	30	23
sf	24	25
col	24	27
mil	28	23
chc	22	27
pit	22	28
hou	21	29
stl	20	28
cin	19	33
bos	36	15
bal	25	27
tor	24	27
nyy	21	29
tb	21	29
ana	32	21
sea	25	23
oak	25	26
tex	19	33
cle	31	19
det	30	21
cws	24	23
min	26	25
kc	19	34
nym	33	17
atl	29	23
phi	26	26
fla	25	27
was	21	31
la	30	21
ari	31	23
sd	29	22
col	25	27
sf	24	26
mil	29	23
pit	23	28
chc	22	28
hou	21	30
stl	20	29
cin	20	33
bos	36	16
bal	26	27
tor	24	28
nyy	22	29
tb	22	29
ana	33	21
sea	25	24
oak	26	26
tex	19	34
cle	32	19
det	30	22
min	27	25
cws	24	24
kc	19	35
nym	33	18
atl	30	23
fla	26	27
phi	26	27
was	21	32
la	31	21
ari	32	23
sd	30	22
sf	25	26
col	25	28
mil	29	24
pit	23	29
chc	22	29
stl	21	29
hou	21	31
cin	21	33
bos	36	16
bal	27	27
tor	25	28
nyy	22	29
tb	22	29
ana	33	22
sea	26	24
oak	26	26
tex	19	35
cle	33	19
det	30	23
min	27	25
cws	24	25
kc	19	35
nym	34	18
atl	30	23
phi	26	27
fla	26	28
was	22	32
la	31	22
sd	31	22
ari	32	23
sf	25	27
col	25	29
mil	30	24
pit	23	30
chc	22	29
stl	22	29
hou	22	31
cin	21	34
bos	36	17
bal	27	28
tor	25	29
nyy	23	29
tb	22	30
ana	34	22
sea	26	25
oak	26	27
tex	20	35
cle	34	19
det	30	24
min	28	25
cws	25	25
kc	20	35
nym	34	19
atl	31	23
phi	26	28
fla	26	29
was	23	32
la	32	22
ari	33	23
sd	31	23
sf	26	27
col	25	30
mil	31	24
stl	23	29
pit	23	31
chc	22	30
hou	22	32
cin	22	34
bos	37	17
bal	27	29
tor	26	29
nyy	23	30
tb	22	31
ana	35	22
sea	27	25
oak	27	27
tex	20	36
cle	34	20
det	31	24
min	28	26
cws	25	26
kc	21	35
nym	35	19
atl	32	23
phi	27	28
fla	27	29
was	23	33
la	32	23
sd	32	23
ari	33	24
sf	26	28
col	26	30
mil	31	25
pit	24	31
stl	23	30
hou	23	32
chc	22	31
cin	22	35
bos	37	18
tor	27	29
bal	27	30
nyy	24	30
tb	23	31
ana	36	22
sea	28	25
oak	28	27
tex	20	37
cle	34	21
det	32	24
min	28	27
cws	25	27
kc	21	36
nym	35	20
atl	32	24
phi	28	28
fla	27	30
was	23	34
la	33	23
sd	33	23
ari	34	24
col	27	30
sf	26	29
mil	32	25
stl	24	30
pit	24	32
chc	23	31
hou	23	33
cin	22	36
bos	37	19
tor	27	29
bal	27	31
nyy	24	31
tb	24	31
ana	37	22
sea	29	25
oak	29	27
tex	20	37
cle	34	21
det	32	24
min	28	28
cws	26	27
kc	21	37
nym	35	20
atl	32	25
phi	28	29
fla	28	30
was	23	34
la	34	23
sd	33	23
ari	34	24
sf	27	29
col	27	30
mil	32	26
stl	24	30
chc	24	31
pit	24	33
hou	23	33
cin	22	36
bos	37	20
tor	28	29
bal	27	32
nyy	25	31
tb	24	32
ana	38	22
sea	30	25
oak	30	27
tex	21	37
cle	35	21
det	32	25
min	28	29
cws	26	28
kc	21	38
nym	35	21
atl	33	26
phi	29	29
fla	29	31
was	23	35
sd	34	23
ari	35	24
la	34	24
sf	27	30
col	27	31
mil	33	26
stl	25	30
pit	25	33
chc	24	32
hou	24	33
cin	22	37
bos	37	21
tor	28	30
bal	28	32
nyy	26	31
tb	25	32
ana	38	23
sea	30	26
oak	31	27
tex	21	38
cle	35	22
det	33	25
min	29	29
cws	26	29
kc	22	38
nym	35	22
atl	33	27
phi	30	29
fla	30	31
was	24	35
sd	35	23
ari	36	24
la	34	25
col	28	31
sf	27	31
mil	33	27
stl	26	30
chc	25	32
pit	25	34
hou	24	34
cin	22	38
bos	38	21
tor	28	31
bal	28	32
nyy	27	31
tb	26	32
ana	38	23
sea	30	26
oak	31	28
tex	21	39
cle	36	22
det	34	25
min	29	29
cws	26	30
kc	22	39
nym	35	23
atl	33	28
phi	31	29
fla	30	31
was	24	36
sd	36	23
ari	36	25
la	34	26
col	29	31
sf	28	31
mil	33	27
stl	26	31
chc	26	32
pit	26	34
hou	24	35
cin	23	38
bos	39	21
bal	29	32
nyy	28	31
tor	28	32
tb	26	33
ana	39	23
sea	31	26
oak	32	28
tex	22	39
cle	36	23
det	34	26
min	29	30
cws	26	31
kc	23	39
nym	36	23
atl	33	29
phi	31	30
fla	31	31
was	25	36
sd	36	24
ari	36	26
la	35	26
col	29	32
sf	28	32
mil	33	28
chc	27	32
stl	26	32
pit	26	35
hou	25	35
cin	24	38
bos	40	21
nyy	29	31
tor	29	32
bal	29	33
tb	27	33
ana	40	23
sea	32	26
oak	33	28
tex	23	39
cle	37	23
det	35	26
min	29	31
cws	26	32
kc	23	40
nym	36	24
atl	34	29
phi	32	30
fla	31	32
was	26	36
sd	36	25
ari	36	27
la	35	27
col	30	32
sf	28	33
mil	33	29
chc	27	33
stl	26	33
hou	26	35
pit	26	36
cin	24	39
bos	40	22
nyy	30	31
tor	30	32
bal	29	34
tb	28	33
ana	40	24
sea	33	26
oak	34	28
tex	23	40
cle	37	24
det	36	26
min	30	31
cws	27	32
kc	24	40
nym	36	25
atl	35	29
phi	32	31
fla	31	33
was	26	37
sd	36	26
ari	37	27
la	35	28
col	31	32
sf	28	34
mil	34	29
stl	27	33
chc	27	34
hou	26	36
pit	26	37
cin	25	39
bos	40	22
nyy	30	31
tor	30	33
bal	29	34
tb	28	33
ana	40	24
sea	34	26
oak	34	28
tex	23	40
cle	37	25
det	36	26
min	30	31
cws	27	33
kc	24	40
nym	36	26
atl	35	29
phi	33	31
fla	31	33
was	26	37
sd	36	26
ari	37	27
la	36	28
col	31	32
sf	29	34
mil	34	29
chc	28	34
stl	27	33
hou	26	37
pit	26	37
cin	25	39
bos	41	22
nyy	31	31
tor	30	34
tb	29	33
bal	29	35
ana	40	25
sea	35	26
oak	34	29
tex	23	41
cle	37	26
det	37	26
min	31	31
cws	27	34
kc	25	40
nym	36	27
atl	35	30
phi	34	31
fla	32	33
was	27	37
sd	36	27
ari	37	28
la	37	28
col	31	33
sf	30	34
mil	34	30
chc	28	35
stl	27	34
hou	27	37
pit	27	37
cin	26	39
bos	41	23
nyy	32	31
tor	31	34
tb	29	34
bal	29	36
ana	41	25
sea	35	27
oak	35	29
tex	23	42
cle	38	26
det	37	27
min	32	31
cws	27	35
kc	25	41
nym	36	28
atl	35	31
phi	35	31
fla	32	34
was	28	37
sd	37	27
la	38	28
ari	37	29
col	32	33
sf	30	35
mil	35	30
chc	29	35
stl	28	34
pit	28	37
hou	27	38
cin	26	40
bos	41	24
nyy	33	31
tor	31	34
tb	29	35
bal	29	37
ana	42	25
sea	35	28
oak	36	29
tex	24	42
cle	39	26
det	37	28
min	33	31
cws	27	35
kc	26	41
nym	36	28
phi	35	31
atl	35	32
fla	32	35
was	29	37
sd	38	27
la	38	28
ari	37	30
col	33	33
sf	30	35
mil	36	30
chc	30	35
stl	28	35
pit	28	38
hou	27	39
cin	26	41
bos	42	24
nyy	33	32
tor	32	34
tb	29	36
bal	29	38
ana	42	26
oak	37	29
sea	35	29
tex	25	42
cle	39	27
det	38	28
min	33	32
cws	27	36
kc	27	41
nym	37	28
atl	36	32
phi	35	32
fla	32	36
was	29	38
la	39	28
sd	38	28
ari	38	30
col	34	33
sf	30	36
mil	37	30
chc	31	35
stl	28	36
pit	29	38
hou	28	39
cin	26	42
bos	43	24
nyy	34	32
tor	33	34
tb	29	37
bal	29	39
ana	43	26
oak	37	30
sea	35	30
tex	25	43
cle	39	28
det	38	29
min	33	33
cws	28	36
kc	27	42
nym	37	29
atl	37	32
phi	36	32
fla	33	36
was	29	39
sd	39	28
la	39	29
ari	39	30
col	35	33
sf	30	37
mil	38	30
chc	31	36
stl	29	36
hou	29	39
pit	29	39
cin	27	42
bos	44	24
nyy	35	32
tor	33	35
tb	30	37
bal	29	40
ana	44	26
oak	37	31
sea	35	31
tex	26	43
cle	40	28
det	39	29
min	34	33
cws	28	37
kc	28	42
nym	37	30
atl	37	33
phi	36	33
fla	33	37
was	30	39
sd	40	28
ari	40	30
la	39	30
col	35	34
sf	30	38
mil	38	31
chc	31	37
stl	30	36
hou	30	39
pit	30	39
cin	27	43
bos	44	25
nyy	35	32
tor	33	35
tb	31	37
bal	29	40
ana	45	26
oak	38	31
sea	35	31
tex	26	43
cle	41	28
det	40	29
min	34	34
cws	29	37
kc	29	42
nym	38	30
atl	38	33
phi	36	34
fla	33	38
was	30	40
sd	40	28
la	39	30
ari	40	31
col	35	34
sf	30	39
mil	39	31
chc	31	37
stl	30	37
pit	30	39
hou	30	40
cin	27	44
bos	45	25
nyy	35	33
tor	33	36
tb	31	38
bal	29	41
ana	45	27
oak	38	32
sea	35	32
tex	26	44
cle	41	29
det	41	29
min	35	34
cws	29	38
kc	29	43
nym	38	31
atl	38	34
phi	37	34
fla	34	38
was	30	41
sd	41	28
la	40	30
ari	41	31
col	36	34
sf	30	40
mil	40	31
chc	32	37
stl	31	37
pit	31	39
hou	31	40
cin	28	44
bos	46	25
nyy	35	34
tor	34	36
tb	31	39
bal	30	41
ana	46	27
oak	39	32
sea	36	32
tex	27	44
cle	42	29
det	42	29
min	36	34
cws	29	39
kc	29	44
nym	38	32
atl	38	35
phi	37	35
fla	35	38
was	30	42
sd	41	29
ari	42	31
la	40	31
col	37	34
sf	30	41
mil	41	31
stl	32	37
chc	32	38
pit	31	40
hou	31	41
cin	28	45
bos	46	25
nyy	35	35
tor	34	37
tb	31	39
bal	31	41
ana	46	27
oak	39	32
sea	37	32
tex	28	44
cle	42	29
det	42	29
min	36	34
cws	29	39
kc	29	44
nym	38	32
atl	38	35
phi	37	35
fla	35	38
was	30	42
sd	41	30
ari	42	31
la	41	31
col	38	34
sf	30	41
mil	41	31
stl	32	37
chc	32	39
hou	31	41
pit	31	41
cin	28	45
bos	47	25
nyy	36	35
tor	35	37
bal	32	41
tb	31	40
ana	47	27
oak	39	33
sea	37	33
tex	29	44
det	43	29
cle	42	30
min	36	35
cws	29	40
kc	29	45
nym	39	32
phi	38	35
atl	38	36
fla	36	38
was	31	42
la	42	31
sd	41	31
ari	42	32
col	38	35
sf	30	42
mil	42	31
chc	33	39
stl	32	38
hou	31	42
pit	31	42
cin	29	45
bos	47	26
nyy	36	36
tor	36	37
tb	32	40
bal	32	42
ana	48	27
sea	38	33
oak	39	34
tex	30	44
det	44	29
cle	43	30
min	37	35
cws	29	41
kc	29	46
nym	40	32
phi	38	36
atl	38	37
fla	36	39
was	31	43
sd	42	31
ari	43	32
la	42	32
col	38	36
sf	31	42
mil	43	31
chc	34	39
stl	33	38
hou	31	43
pit	31	43
cin	29	46
bos	48	26
tor	37	37
nyy	36	37
tb	33	40
bal	32	43
ana	49	27
sea	39	33
oak	39	35
tex	30	45
det	45	29
cle	43	31
min	38	35
cws	29	42
kc	30	46
nym	41	32
phi	39	36
atl	38	38
fla	36	40
was	32	43
ari	44	32
sd	42	32
la	42	33
col	38	37
sf	32	42
mil	43	32
chc	35	39
stl	33	39
hou	32	43
pit	31	44
cin	29	47
bos	48	27
tor	38	37
nyy	36	37
tb	33	41
bal	32	43
ana	49	28
sea	40	33
oak	39	36
tex	31	45
det	45	30
cle	44	31
min	38	36
cws	30	42
kc	31	46
nym	42	32
phi	39	36
atl	39	38
fla	36	40
was	32	44
ari	44	33
la	43	33
sd	42	33
col	38	38
sf	33	42
mil	44	32
chc	36	39
stl	33	40
hou	32	44
pit	31	44
cin	29	47
bos	48	28
tor	38	38
nyy	36	38
tb	33	42
bal	33	43
ana	49	29
sea	41	33
oak	39	37
tex	32	45
cle	45	31
det	45	31
min	39	36
cws	31	42
kc	32	46
nym	42	33
phi	40	36
atl	40	38
fla	36	41
was	32	45
la	44	33
sd	43	33
ari	44	34
col	38	39
sf	33	43
mil	45	32
chc	37	39
stl	34	40
pit	32	44
hou	32	45
cin	29	48
bos	48	29
tor	39	38
nyy	36	39
bal	34	43
tb	33	43
ana	49	30
sea	42	33
oak	40	37
tex	32	45
det	45	31
cle	45	32
min	39	37
cws	32	42
kc	33	46
nym	43	33
phi	40	37
atl	41	38
fla	36	42
was	32	46
sd	44	33
ari	45	34
la	44	34
col	38	40
sf	33	44
mil	46	32
chc	38	39
stl	34	41
pit	33	44
hou	32	46
cin	30	48
bos	48	29
tor	39	39
nyy	37	39
bal	34	44
tb	33	44
ana	49	30
sea	42	33
oak	40	38
tex	32	46
det	46	31
cle	46	32
min	40	37
cws	33	42
kc	33	46
nym	43	33
phi	41	37
atl	41	38
fla	37	42
was	32	46
sd	44	33
la	45	34
ari	45	35
col	38	41
sf	33	44
mil	46	32
chc	38	39
stl	34	41
pit	33	45
hou	33	46
cin	30	49
bos	49	29
tor	39	40
nyy	38	39
bal	34	45
tb	33	45
ana	50	30
sea	43	33
oak	40	39
tex	32	47
cle	47	32
det	46	32
min	41	37
cws	33	43
kc	34	46
nym	45	33
atl	42	38
phi	41	39
fla	37	43
was	32	47
sd	45	33
ari	46	35
la	45	35
col	38	42
sf	33	45
mil	46	33
chc	39	39
stl	35	41
pit	34	45
hou	34	46
cin	30	50
bos	49	30
tor	39	41
nyy	38	40
bal	35	45
tb	33	46
ana	50	31
sea	44	33
oak	41	39
tex	33	47
cle	48	32
det	46	33
min	42	37
cws	34	43
kc	34	47
nym	46	33
atl	43	38
phi	41	40
fla	37	44
was	32	48
sd	46	33
ari	46	36
la	45	36
col	39	42
sf	34	45
mil	47	33
chc	39	40
stl	35	42
pit	35	45
hou	34	47
cin	31	50
bos	49	31
tor	39	42
nyy	38	41
bal	35	46
tb	33	47
ana	51	31
sea	45	33
oak	42	39
tex	34	47
cle	49	32
det	47	33
min	42	38
cws	35	43
kc	34	48
nym	46	34
atl	43	39
phi	42	40
fla	38	44
was	33	48
sd	46	34
la	46	36
ari	46	37
col	39	43
sf	35	45
mil	47	34
chc	40	40
stl	36	42
pit	35	46
hou	35	47
cin	31	51
bos	50	31
tor	40	42
nyy	39	41
bal	36	46
tb	33	48
ana	51	31
sea	45	34
oak	42	40
tex	34	48
cle	50	32
det	47	33
min	42	39
cws	35	44
kc	35	48
nym	46	35
atl	43	40
phi	42	41
fla	38	45
was	33	49
sd	47	34
la	47	36
ari	46	38
col	40	43
sf	35	45
mil	48	34
chc	41	40
stl	37	42
hou	36	47
pit	35	47
cin	31	51
bos	51	31
nyy	40	41
tor	40	43
bal	36	47
tb	33	49
ana	51	32
sea	45	35
oak	43	40
tex	35	48
cle	51	32
det	47	34
min	42	40
cws	36	44
kc	36	48
nym	46	36
atl	43	41
phi	42	42
fla	39	45
was	33	50
sd	47	35
la	48	36
ari	47	38
col	41	43
sf	35	46
mil	48	35
chc	42	40
stl	37	43
hou	37	47
pit	36	47
cin	32	51
bos	52	31
tor	41	43
nyy	40	42
bal	37	47
tb	33	50
ana	51	33
sea	46	35
oak	43	41
tex	36	48
cle	51	33
det	48	34
min	43	40
cws	36	45
kc	36	49
nym	46	37
atl	44	41
phi	43	42
fla	39	46
was	34	50
sd	48	35
la	48	37
ari	47	39
col	42	43
sf	36	46
mil	48	36
chc	42	41
stl	38	43
pit	37	47
hou	37	48
cin	32	52
bos	53	31
nyy	41	42
tor	41	43
bal	37	48
tb	33	51
ana	52	33
sea	46	36
oak	44	41
tex	36	49
cle	51	34
det	49	34
min	43	41
cws	37	45
kc	36	49
nym	47	37
atl	45	41
phi	43	42
fla	40	46
was	34	51
sd	48	36
la	48	38
ari	47	40
col	42	43
sf	36	47
mil	48	37
chc	43	41
stl	39	43
pit	38	47
hou	37	49
cin	33	52
bos	53	32
nyy	42	42
tor	42	43
bal	37	49
tb	34	51
ana	52	34
sea	47	36
oak	44	42
tex	37	49
det	50	34
cle	51	35
min	45	41
cws	37	47
kc	36	50
nym	47	38
atl	46	41
phi	43	43
fla	41	46
was	34	52
sd	48	37
la	48	39
ari	47	41
col	43	43
sf	37	47
mil	49	37
chc	43	42
stl	39	44
pit	39	47
hou	38	49
cin	34	52
bos	53	33
nyy	42	43
tor	42	44
bal	38	49
tb	34	52
ana	53	34
sea	48	36
oak	44	43
tex	37	50
det	51	34
cle	52	35
min	45	42
cws	38	47
kc	37	50
nym	48	38
atl	46	42
phi	43	44
fla	42	46
was	35	52
sd	49	37
la	48	40
ari	47	42
col	44	43
sf	38	47
mil	49	38
chc	44	42
stl	39	45
pit	39	48
hou	38	50
cin	35	52
bos	53	34
nyy	43	43
tor	43	44
bal	38	50
tb	34	53
ana	53	35
sea	49	36
oak	44	44
tex	38	50
det	52	34
cle	52	36
min	45	43
cws	39	47
kc	38	50
nym	48	39
atl	47	42
phi	44	44
fla	42	47
was	36	52
sd	49	38
la	49	40
ari	47	43
col	44	44
sf	38	48
mil	49	39
chc	44	43
stl	40	45
pit	40	48
hou	39	50
cin	36	52
bos	53	34
nyy	43	43
tor	43	44
bal	38	50
tb	34	53
ana	53	35
sea	49	36
oak	44	44
tex	38	50
det	52	34
cle	52	36
min	45	43
cws	39	47
kc	38	50
nym	48	39
atl	47	42
phi	44	44
fla	42	47
was	36	52
sd	49	38
la	49	40
ari	47	43
col	44	44
sf	38	48
mil	49	39
chc	44	43
stl	40	45
pit	40	48
hou	39	50
cin	36	52
bos	53	34
nyy	43	43
tor	43	44
bal	38	50
tb	34	53
ana	53	35
sea	49	36
oak	44	44
tex	38	50
det	52	34
cle	52	36
min	45	43
cws	39	47
kc	38	50
nym	48	39
atl	47	42
phi	44	44
fla	42	47
was	36	52
sd	49	38
la	49	40
ari	47	43
col	44	44
sf	38	48
mil	49	39
chc	44	43
stl	40	45
pit	40	48
hou	39	50
cin	36	52
bos	53	34
nyy	43	43
tor	43	44
bal	38	50
tb	34	53
ana	53	35
sea	49	36
oak	44	44
tex	38	50
det	52	34
cle	52	36
min	45	43
cws	39	47
kc	38	50
nym	48	39
atl	47	42
phi	44	44
fla	42	47
was	36	52
sd	49	38
la	49	40
ari	47	43
col	44	44
sf	38	48
mil	49	39
chc	44	43
stl	40	45
pit	40	48
hou	39	50
cin	36	52
bos	54	34
nyy	44	43
tor	43	45
bal	38	51
tb	34	54
ana	53	35
sea	50	36
oak	44	45
tex	38	50
det	52	35
cle	52	36
min	46	43
cws	40	47
kc	38	50
nym	49	39
atl	47	42
phi	44	44
fla	42	47
was	36	52
sd	49	38
la	49	40
ari	47	43
col	44	44
sf	38	48
mil	49	39
chc	44	43
stl	40	45
pit	40	48
hou	39	50
cin	36	53
bos	54	35
nyy	44	44
tor	44	45
bal	39	51
tb	35	54
ana	54	35
sea	50	37
oak	44	46
tex	38	51
det	53	35
cle	53	36
min	47	43
cws	40	48
kc	38	51
nym	49	40
atl	48	42
phi	45	44
fla	42	48
was	37	52
sd	49	39
la	50	40
ari	48	43
col	45	44
sf	38	49
mil	49	40
chc	45	43
stl	40	46
pit	40	49
hou	39	51
cin	37	53
bos	55	35
nyy	45	44
tor	44	46
bal	40	51
tb	35	55
ana	55	35
sea	51	37
oak	44	47
tex	38	52
det	53	36
cle	53	37
min	48	43
cws	40	49
kc	39	51
nym	50	40
atl	49	42
phi	46	44
fla	43	48
was	37	53
la	51	40
sd	49	40
ari	49	43
col	45	45
sf	38	50
mil	50	40
chc	46	43
stl	40	47
pit	40	50
hou	39	52
cin	37	54
bos	55	36
nyy	46	44
tor	45	46
bal	41	51
tb	35	56
ana	55	36
sea	51	38
oak	44	48
tex	39	52
det	54	36
cle	54	37
min	49	43
cws	40	50
kc	39	52
nym	51	40
atl	50	42
phi	46	45
fla	44	48
was	37	54
la	52	40
sd	50	40
ari	49	44
col	45	46
sf	38	51
mil	51	40
chc	47	43
stl	41	47
pit	40	51
hou	39	53
cin	37	55
bos	56	36
nyy	47	44
tor	45	47
bal	41	52
tb	35	56
ana	55	36
sea	52	38
oak	44	49
tex	40	52
det	54	36
cle	54	38
min	49	43
cws	41	50
kc	39	53
nym	51	41
atl	50	43
phi	46	46
fla	44	49
was	38	54
la	53	40
sd	51	40
ari	49	45
col	46	46
sf	38	52
mil	52	40
chc	48	43
stl	42	47
pit	40	52
hou	39	54
cin	38	55
bos	56	37
nyy	48	44
tor	45	48
bal	42	52
tb	36	56
ana	55	37
sea	52	39
oak	44	50
tex	41	52
det	55	36
cle	55	38
min	49	44
cws	41	51
kc	40	53
nym	52	41
atl	50	44
phi	47	46
fla	45	49
was	38	55
la	53	41
sd	51	41
ari	49	46
col	47	46
sf	39	52
mil	53	40
chc	48	44
stl	42	48
pit	40	53
hou	40	54
cin	39	55
bos	56	38
nyy	49	44
tor	45	49
bal	42	53
tb	37	56
ana	55	38
sea	53	39
oak	45	50
tex	41	53
det	56	36
cle	55	39
min	49	45
cws	42	51
kc	41	53
nym	52	42
atl	50	45
phi	47	47
fla	45	50
was	39	55
la	54	41
sd	52	41
ari	50	46
col	48	46
sf	39	53
mil	53	41
chc	49	44
stl	43	48
pit	40	54
cin	40	55
hou	40	55
bos	56	39
nyy	49	45
tor	46	49
bal	42	53
tb	37	57
ana	56	38
sea	53	39
oak	45	50
tex	41	54
det	57	36
cle	56	39
min	49	46
cws	43	51
kc	41	53
nym	53	42
atl	51	45
phi	47	48
fla	45	51
was	40	55
sd	53	41
la	54	42
ari	50	47
col	48	47
sf	39	54
mil	54	41
chc	50	44
stl	43	49
cin	41	55
pit	40	54
hou	40	55
bos	57	39
nyy	49	46
tor	46	50
bal	43	53
tb	38	57
ana	56	39
sea	54	39
oak	45	51
tex	41	55
det	57	37
cle	57	39
min	50	46
cws	43	52
kc	42	53
nym	54	42
atl	51	46
phi	48	48
fla	46	51
was	40	56
sd	53	42
la	54	43
col	49	47
ari	50	48
sf	40	54
mil	54	42
chc	51	44
stl	44	49
hou	41	55
cin	41	56
pit	40	55
bos	58	39
nyy	51	46
tor	47	50
bal	43	54
tb	38	59
ana	56	40
sea	54	40
oak	46	51
tex	42	55
det	58	37
cle	57	40
min	51	46
cws	43	53
kc	42	54
nym	54	43
atl	52	46
phi	49	48
fla	47	51
was	41	56
la	55	43
sd	53	43
ari	51	48
col	49	48
sf	41	54
mil	54	43
chc	51	45
stl	44	50
pit	41	55
hou	41	56
cin	41	57
bos	59	39
nyy	52	46
tor	48	50
bal	44	54
tb	38	60
ana	57	40
sea	54	41
oak	46	52
tex	42	56
det	58	38
cle	58	40
min	51	47
cws	43	54
kc	43	54
nym	55	43
atl	52	47
phi	50	48
fla	48	51
was	42	56
la	55	44
sd	53	44
ari	52	48
col	49	49
sf	41	55
mil	55	43
chc	51	46
stl	45	50
hou	42	56
pit	41	56
cin	41	58
bos	60	39
nyy	53	46
tor	49	50
bal	44	54
tb	38	60
ana	57	41
sea	54	42
oak	47	52
tex	43	56
det	59	38
cle	58	41
min	51	48
cws	43	55
kc	43	55
nym	55	43
atl	53	47
phi	50	48
fla	48	52
was	42	56
la	56	44
sd	53	45
ari	53	48
col	50	49
sf	41	56
mil	55	44
chc	51	46
stl	45	50
hou	42	57
pit	41	56
cin	42	58
bos	61	39
nyy	54	46
tor	50	50
bal	45	54
tb	38	61
ana	57	42
sea	54	44
oak	48	52
tex	45	56
det	59	40
cle	58	42
min	51	49
cws	45	55
kc	43	56
nym	56	43
atl	54	47
phi	51	48
fla	48	53
was	42	57
la	56	45
sd	54	45
ari	54	48
col	50	50
sf	41	57
mil	56	44
chc	52	46
stl	45	51
hou	43	57
pit	41	57
cin	42	59
bos	61	40
nyy	55	46
tor	51	50
bal	46	54
tb	38	62
ana	58	42
sea	54	45
oak	48	53
tex	46	56
det	60	40
cle	59	42
min	51	50
cws	45	56
kc	43	57
nym	57	43
atl	54	48
phi	52	48
fla	48	54
was	42	58
la	56	46
sd	54	46
ari	55	48
col	51	50
sf	42	57
mil	56	45
chc	53	46
stl	45	52
hou	44	57
cin	43	59
pit	41	58
bos	62	40
nyy	55	47
tor	51	50
bal	47	54
tb	38	63
ana	58	42
sea	54	46
oak	49	53
tex	46	56
det	60	41
cle	59	43
min	51	50
cws	46	56
kc	44	57
nym	57	44
atl	54	49
phi	52	49
fla	48	55
was	43	58
la	57	46
ari	56	48
sd	54	47
col	51	51
sf	43	57
mil	56	46
chc	53	47
stl	46	52
hou	45	57
cin	44	59
pit	42	58
bos	63	40
nyy	55	48
tor	51	51
bal	48	54
tb	38	64
ana	59	42
sea	55	46
oak	49	54
tex	46	57
det	60	42
cle	60	43
min	51	51
cws	47	56
kc	45	57
nym	57	45
phi	53	49
atl	54	50
fla	48	56
was	44	58
la	57	46
ari	57	48
sd	55	47
col	51	51
sf	44	57
mil	57	46
chc	53	48
stl	46	53
hou	45	58
cin	45	59
pit	42	59
bos	64	40
nyy	55	49
tor	51	52
bal	49	54
tb	38	65
ana	60	42
sea	56	46
oak	49	55
tex	46	58
det	60	43
cle	60	44
min	52	51
cws	48	56
kc	46	57
nym	58	46
phi	54	49
atl	54	51
fla	48	57
was	45	59
la	57	47
ari	58	48
sd	55	48
col	52	51
sf	45	57
mil	57	48
chc	54	48
stl	48	53
hou	46	58
cin	45	60
pit	42	60
bos	64	41
nyy	56	49
tor	52	52
bal	49	55
tb	39	65
ana	61	42
sea	57	46
oak	49	56
tex	46	59
det	60	44
cle	60	45
min	53	51
cws	48	57
kc	47	57
nym	59	46
phi	55	49
atl	55	51
fla	49	57
was	45	60
la	57	48
ari	58	49
sd	56	48
col	53	51
sf	45	58
mil	57	49
chc	55	48
stl	49	53
hou	46	59
cin	45	61
pit	42	61
bos	64	41
nyy	56	49
tor	52	53
bal	49	55
tb	40	65
ana	61	43
sea	58	46
oak	49	57
tex	46	59
det	61	44
cle	60	45
min	54	51
cws	48	57
kc	47	58
nym	59	46
phi	56	49
atl	55	51
fla	49	57
was	45	60
la	57	48
ari	58	49
sd	56	48
col	53	51
sf	45	58
mil	57	49
chc	55	49
stl	49	53
hou	46	59
cin	45	61
pit	42	61
bos	64	42
nyy	57	49
tor	53	53
bal	50	55
tb	40	66
ana	62	43
sea	58	47
oak	50	57
tex	47	59
det	61	45
cle	60	46
min	55	51
cws	48	58
kc	47	59
nym	59	47
phi	56	50
atl	56	51
fla	49	58
was	46	60
ari	59	49
la	57	49
sd	56	49
col	54	51
sf	46	58
mil	58	49
chc	56	49
stl	50	53
hou	46	60
cin	45	62
pit	42	62
bos	65	42
nyy	58	49
tor	53	54
bal	50	56
tb	41	66
ana	62	44
sea	59	47
oak	51	57
tex	48	59
det	61	46
cle	60	47
min	55	52
cws	48	59
kc	48	59
nym	60	47
atl	57	51
phi	56	51
fla	50	58
was	47	60
ari	60	49
la	58	49
sd	56	50
col	54	52
sf	46	59
chc	57	49
mil	58	50
stl	50	54
hou	46	61
cin	45	63
pit	43	62
bos	66	42
nyy	58	50
tor	53	54
bal	50	57
tb	41	66
ana	63	44
sea	59	47
oak	51	58
tex	48	60
det	61	46
cle	61	47
min	55	52
cws	49	59
kc	48	59
nym	61	47
phi	57	51
atl	57	52
fla	50	59
was	48	60
ari	60	50
la	58	50
sd	57	50
col	55	52
sf	47	59
chc	57	50
mil	58	51
stl	50	55
hou	47	61
pit	44	62
cin	45	64
bos	66	43
nyy	59	50
tor	54	54
bal	51	57
tb	41	67
ana	63	45
sea	60	47
oak	52	58
tex	48	61
cle	62	47
det	61	47
min	55	53
cws	50	59
kc	48	60
nym	62	47
phi	57	52
atl	57	53
fla	50	60
was	49	60
ari	61	50
sd	58	50
la	58	51
col	56	52
sf	47	60
mil	59	51
chc	57	51
stl	50	56
hou	48	61
cin	46	64
pit	44	63
bos	67	43
nyy	60	50
tor	55	54
bal	51	58
tb	42	67
ana	63	46
sea	60	48
oak	53	58
tex	48	62
cle	62	48
det	61	48
min	56	53
cws	51	59
kc	48	61
nym	62	48
atl	58	53
phi	57	53
fla	51	60
was	50	60
ari	62	50
sd	59	50
la	58	52
col	56	53
sf	47	61
mil	60	51
chc	58	51
stl	50	57
hou	48	62
cin	47	64
pit	44	64
bos	68	43
nyy	61	50
tor	56	54
bal	52	58
tb	42	68
ana	64	46
sea	60	49
oak	53	59
tex	48	63
cle	62	49
det	61	49
min	57	53
cws	52	59
kc	48	62
nym	63	48
atl	59	53
phi	58	53
fla	52	60
was	51	60
ari	63	50
sd	60	50
la	58	53
col	56	54
sf	47	62
mil	60	52
chc	58	52
stl	50	58
hou	48	63
cin	47	64
pit	44	64
bos	68	44
nyy	62	50
tor	56	55
bal	52	58
tb	42	69
ana	65	46
sea	60	49
oak	54	59
tex	48	64
cle	63	49
det	62	49
min	57	54
cws	52	59
kc	48	62
nym	63	48
atl	59	53
phi	58	53
fla	52	60
was	51	61
ari	63	50
sd	60	51
la	58	53
col	57	54
sf	48	62
mil	60	53
chc	58	53
stl	51	58
hou	49	63
cin	47	64
pit	44	64
bos	68	45
nyy	63	50
tor	56	56
bal	52	59
tb	42	70
ana	66	46
sea	61	49
oak	54	60
tex	49	64
cle	64	49
det	63	49
min	57	55
cws	52	60
kc	49	62
nym	63	49
atl	60	53
phi	59	53
fla	52	61
was	52	61
ari	63	51
sd	61	51
col	58	54
la	58	54
sf	48	63
mil	60	54
chc	58	54
stl	51	59
hou	50	63
cin	48	64
pit	45	64
bos	69	45
nyy	63	51
tor	57	56
bal	52	60
tb	43	70
ana	66	47
sea	62	49
oak	55	60
tex	49	65
cle	64	50
det	63	50
min	58	55
cws	53	60
kc	49	63
nym	64	49
phi	60	53
atl	60	54
fla	52	62
was	52	62
ari	64	51
sd	61	52
col	59	54
la	58	55
sf	49	63
mil	60	55
chc	58	55
stl	52	59
hou	51	63
cin	49	64
pit	45	65
bos	69	45
nyy	63	51
tor	57	56
bal	52	61
tb	44	70
ana	66	47
sea	63	49
oak	55	60
tex	49	65
cle	65	50
det	63	51
min	58	56
cws	53	61
kc	50	63
nym	64	50
atl	61	54
phi	60	54
fla	53	62
was	53	62
ari	65	51
sd	61	53
col	59	55
la	59	55
sf	49	64
mil	60	55
chc	59	55
stl	53	59
hou	51	63
cin	49	65
pit	45	66
bos	69	46
nyy	64	51
tor	58	56
bal	53	61
tb	44	71
ana	67	47
sea	63	50
oak	56	60
tex	50	65
cle	65	51
det	63	52
min	58	57
cws	54	61
kc	50	64
nym	64	51
phi	61	54
atl	61	55
fla	54	62
was	53	63
ari	66	51
sd	62	53
la	60	55
col	59	56
sf	49	65
mil	61	55
chc	60	55
stl	53	60
hou	51	64
cin	49	66
pit	46	66
bos	70	46
nyy	65	51
tor	58	57
bal	53	62
tb	45	71
ana	68	47
sea	64	50
oak	56	61
tex	50	66
cle	65	52
det	64	52
min	58	58
cws	54	62
kc	51	64
nym	64	52
atl	62	55
phi	61	55
fla	55	62
was	53	64
ari	67	51
sd	62	54
col	60	56
la	60	56
sf	49	66
mil	62	55
chc	60	56
stl	54	60
hou	51	65
cin	50	66
pit	47	66
bos	70	47
nyy	66	51
tor	59	57
bal	54	62
tb	45	72
ana	69	47
sea	65	50
oak	56	62
tex	51	66
det	65	52
cle	65	53
min	58	59
cws	54	63
kc	51	65
nym	65	52
phi	62	55
atl	62	56
fla	55	63
was	54	64
ari	67	52
sd	63	54
col	61	56
la	60	57
sf	49	67
mil	62	56
chc	60	57
stl	55	60
hou	52	65
cin	50	67
pit	48	66
bos	71	47
nyy	67	51
tor	59	58
bal	54	63
tb	45	73
ana	69	47
sea	66	50
oak	57	62
tex	51	66
cle	65	53
det	65	53
min	58	60
cws	54	63
kc	52	65
nym	65	52
phi	62	55
atl	62	56
fla	55	63
was	54	64
ari	67	52
sd	63	54
col	61	56
la	60	58
sf	50	68
mil	62	56
chc	60	57
stl	55	60
hou	53	65
cin	50	67
pit	49	67
bos	72	47
nyy	67	52
tor	60	58
bal	55	63
tb	45	74
ana	69	48
sea	66	51
oak	58	62
tex	52	66
det	66	53
cle	65	54
min	59	60
cws	54	64
kc	52	66
nym	66	52
phi	63	55
atl	63	56
fla	56	63
was	54	65
ari	67	53
sd	64	54
col	61	57
la	60	59
sf	50	69
mil	62	57
chc	60	58
stl	56	60
hou	54	65
cin	51	67
pit	49	68
bos	72	48
nyy	67	53
tor	61	58
bal	56	63
tb	46	74
ana	69	49
sea	66	52
oak	59	62
tex	53	66
cle	66	54
det	66	54
min	60	60
cws	54	65
kc	52	67
nym	67	52
atl	64	56
phi	63	56
fla	56	64
was	55	65
ari	68	53
sd	64	55
col	62	57
la	61	59
sf	50	70
mil	62	58
chc	60	59
stl	57	60
hou	54	66
cin	52	67
pit	49	69
bos	72	48
nyy	67	54
tor	61	59
bal	56	63
tb	46	74
ana	70	49
sea	66	52
oak	60	62
tex	53	67
det	67	54
cle	66	54
min	60	60
cws	54	66
kc	53	67
nym	67	53
phi	64	56
atl	64	57
fla	56	65
was	55	66
ari	69	53
sd	65	55
col	62	58
la	62	59
sf	51	70
mil	62	59
chc	61	59
stl	58	60
hou	54	67
cin	52	68
pit	50	69
bos	73	49
nyy	68	54
tor	62	59
bal	56	64
tb	46	75
ana	71	50
sea	67	52
oak	60	63
tex	53	68
cle	67	54
det	67	55
min	61	60
cws	54	67
kc	54	67
nym	68	53
phi	65	56
atl	64	58
fla	56	66
was	55	67
ari	70	53
sd	65	56
la	63	59
col	62	59
sf	52	70
chc	62	59
mil	62	60
stl	58	61
hou	55	67
cin	53	68
pit	50	70
bos	74	49
nyy	69	54
tor	62	60
bal	57	64
tb	46	76
ana	71	51
sea	68	52
oak	60	64
tex	54	68
cle	68	54
det	67	56
min	61	61
kc	55	67
cws	54	68
nym	69	53
phi	65	57
atl	64	59
fla	56	67
was	55	68
ari	71	53
sd	65	57
col	63	59
la	63	60
sf	53	70
chc	63	59
mil	63	60
stl	58	62
hou	56	67
cin	53	69
pit	51	70
bos	74	50
nyy	70	54
tor	63	60
bal	57	65
tb	47	76
ana	72	51
sea	69	52
oak	61	64
tex	54	69
cle	68	55
det	67	57
min	62	61
kc	55	68
cws	54	69
nym	70	53
phi	65	58
atl	65	59
fla	56	68
was	55	69
ari	71	54
sd	66	57
la	64	60
col	63	60
sf	54	70
chc	63	59
mil	63	61
stl	58	62
hou	56	68
cin	54	69
pit	52	70
bos	75	50
nyy	70	55
tor	63	61
bal	57	65
tb	47	77
ana	73	51
sea	70	52
oak	62	64
tex	54	69
cle	68	55
det	67	57
min	62	62
cws	55	69
kc	55	69
nym	70	53
phi	65	58
atl	66	59
fla	56	69
was	56	69
ari	71	55
sd	66	57
la	64	60
col	63	61
sf	55	70
chc	63	60
mil	64	61
stl	59	62
hou	56	69
cin	54	70
pit	53	70
bos	76	50
nyy	70	56
tor	63	62
bal	58	65
tb	47	78
ana	74	51
sea	71	52
oak	63	64
tex	54	70
cle	68	56
det	68	57
min	62	63
cws	56	69
kc	55	70
nym	71	53
phi	66	58
atl	66	60
was	57	69
fla	56	70
ari	71	56
sd	66	58
col	64	61
la	64	61
sf	55	71
chc	64	60
mil	65	61
stl	60	62
hou	56	70
cin	55	70
pit	53	71
bos	76	51
nyy	71	56
tor	63	63
bal	58	67
tb	48	78
ana	74	52
sea	71	53
oak	64	64
tex	56	70
cle	69	56
det	68	58
min	63	63
cws	56	70
kc	56	70
nym	71	54
phi	66	59
atl	66	61
was	57	70
fla	56	71
ari	72	56
sd	67	58
la	65	61
col	64	62
sf	55	72
chc	65	60
mil	65	62
stl	61	62
hou	57	70
cin	56	70
pit	54	71
bos	76	51
nyy	71	56
tor	64	63
bal	58	68
tb	48	79
ana	74	53
sea	72	53
oak	65	64
tex	56	71
cle	70	56
det	68	59
min	64	63
cws	56	70
kc	56	70
nym	71	55
phi	66	60
atl	66	62
was	58	70
fla	57	71
ari	72	56
sd	68	58
la	66	61
col	64	63
sf	56	72
chc	65	61
mil	65	62
stl	61	63
cin	57	70
hou	57	71
pit	55	71
bos	78	51
nyy	71	57
tor	64	64
bal	58	69
tb	49	79
ana	75	53
sea	73	53
oak	65	65
tex	56	72
cle	70	57
det	69	59
min	65	63
kc	57	70
cws	56	72
nym	72	55
phi	66	61
atl	67	62
was	58	71
fla	57	72
ari	72	57
sd	69	58
la	66	62
col	65	63
sf	57	72
chc	66	61
mil	65	63
stl	61	64
cin	58	70
hou	57	72
pit	56	71
bos	79	51
nyy	72	57
tor	65	64
bal	58	70
tb	50	79
ana	75	54
sea	73	54
oak	65	66
tex	57	72
cle	71	57
det	69	60
min	66	63
kc	57	71
cws	56	73
nym	73	55
phi	66	62
atl	67	63
was	58	72
fla	57	73
ari	73	57
sd	70	58
col	66	63
la	66	63
sf	58	72
chc	66	62
mil	65	64
stl	62	64
cin	59	70
pit	57	71
hou	57	73
bos	80	51
nyy	72	58
tor	65	65
bal	58	71
tb	51	79
ana	76	54
sea	73	55
oak	65	67
tex	58	72
cle	72	57
det	70	60
min	67	63
kc	57	72
cws	56	74
nym	73	56
phi	67	62
atl	67	64
was	58	73
fla	57	74
ari	74	57
sd	70	59
col	67	63
la	67	63
sf	59	72
chc	66	63
mil	65	65
stl	63	64
cin	60	70
hou	58	73
pit	57	72
bos	80	51
nyy	72	59
tor	66	65
bal	58	71
tb	51	80
ana	77	54
sea	73	56
oak	65	68
tex	58	72
cle	73	57
det	71	60
min	67	64
kc	57	72
cws	57	74
nym	73	57
phi	68	62
atl	68	64
was	58	74
fla	57	75
ari	74	58
sd	71	59
la	68	63
col	67	64
sf	60	72
chc	66	63
mil	65	65
stl	63	64
cin	60	70
hou	58	73
pit	57	72
bos	80	52
nyy	73	59
tor	67	65
bal	58	72
tb	52	80
ana	78	54
sea	73	57
oak	65	69
tex	59	72
cle	74	57
det	71	61
min	67	65
kc	58	72
cws	57	75
nym	73	58
phi	69	62
atl	68	65
fla	58	75
was	58	75
ari	74	59
sd	72	59
la	69	63
col	67	65
sf	61	72
chc	67	63
stl	64	64
mil	65	66
cin	60	72
pit	59	72
hou	58	74
bos	80	53
nyy	74	59
tor	67	66
bal	58	73
tb	53	80
ana	79	54
sea	73	58
oak	66	69
tex	60	72
cle	75	57
det	71	62
min	67	66
kc	59	72
cws	57	76
nym	73	59
phi	70	62
atl	69	65
fla	58	76
was	58	76
sd	73	59
ari	74	60
la	70	63
col	68	65
sf	61	73
chc	67	64
mil	66	66
stl	64	65
cin	61	72
pit	59	73
hou	59	74
bos	80	54
nyy	75	59
tor	67	66
bal	58	74
tb	54	80
ana	79	54
sea	73	59
oak	66	69
tex	61	72
cle	76	57
det	72	62
min	67	66
kc	59	73
cws	57	77
nym	73	60
phi	71	62
atl	69	65
fla	58	76
was	58	76
ari	75	60
sd	73	60
la	70	63
col	68	65
sf	61	73
chc	68	64
mil	66	67
stl	64	66
cin	62	72
hou	60	74
pit	59	74
bos	80	55
nyy	75	60
tor	68	66
bal	59	74
tb	55	80
ana	80	54
sea	73	60
oak	67	69
tex	61	73
cle	77	57
det	72	63
min	68	67
kc	60	74
cws	57	78
nym	74	60
phi	72	62
atl	69	66
fla	58	77
was	58	77
sd	74	60
ari	75	61
la	70	64
col	69	65
sf	62	73
chc	68	65
mil	67	67
stl	65	66
cin	62	73
hou	61	74
pit	59	75
bos	81	55
nyy	76	60
tor	69	66
bal	59	75
tb	55	81
ana	80	55
sea	73	61
oak	67	70
tex	62	73
cle	78	57
det	73	63
min	69	67
kc	60	75
cws	57	79
nym	75	60
phi	72	63
atl	69	67
fla	59	77
was	59	77
sd	75	60
ari	76	61
la	70	65
col	69	66
sf	62	74
chc	69	65
mil	68	67
stl	66	66
cin	62	74
hou	61	75
pit	59	76
bos	82	55
nyy	76	61
tor	70	66
bal	59	76
tb	56	81
ana	80	56
sea	73	62
oak	68	70
tex	63	73
cle	78	58
det	73	64
min	69	68
kc	61	75
cws	58	79
nym	76	60
phi	72	64
atl	69	68
fla	60	77
was	60	77
sd	75	61
ari	76	62
la	71	65
col	70	66
sf	62	75
chc	70	65
mil	69	67
stl	67	66
cin	62	75
hou	61	76
pit	59	77
bos	83	55
nyy	76	62
tor	70	67
bal	59	77
tb	57	81
ana	81	56
sea	74	62
oak	68	71
tex	63	74
cle	79	58
det	73	64
min	69	69
kc	62	75
cws	58	79
nym	77	60
phi	72	65
atl	70	68
was	61	77
fla	60	78
sd	76	61
ari	76	63
la	72	65
col	71	66
sf	62	76
chc	70	66
mil	69	68
stl	67	67
cin	62	76
hou	62	76
pit	60	77
bos	84	55
nyy	77	62
tor	70	68
bal	60	77
tb	57	82
ana	82	56
sea	74	63
oak	68	72
tex	64	74
cle	80	58
det	73	65
min	69	70
kc	62	76
cws	59	79
nym	78	60
phi	73	65
atl	70	69
was	62	77
fla	60	79
sd	76	62
ari	77	63
la	73	65
col	72	66
sf	62	77
chc	70	67
mil	70	68
stl	68	67
cin	62	77
hou	62	77
pit	60	78
bos	84	56
nyy	78	62
tor	71	68
bal	60	78
tb	58	82
ana	82	57
sea	74	64
oak	69	72
tex	65	74
cle	81	58
det	74	65
min	69	71
kc	62	77
cws	59	80
nym	78	61
phi	73	66
atl	71	69
was	63	77
fla	60	80
ari	78	63
sd	76	63
la	73	66
col	72	67
sf	63	77
chc	71	67
mil	71	68
stl	68	68
cin	63	77
hou	62	78
pit	61	78
bos	85	56
nyy	78	62
tor	71	68
bal	60	79
tb	58	82
ana	83	57
sea	74	64
oak	69	72
tex	65	74
cle	81	59
det	75	65
min	69	71
kc	62	77
cws	59	81
nym	78	61
phi	73	66
atl	71	69
was	63	77
fla	60	80
ari	78	63
sd	76	63
la	74	66
col	72	67
sf	63	77
chc	71	68
mil	71	68
stl	69	68
cin	63	77
hou	62	78
pit	61	79
bos	86	56
nyy	79	62
tor	72	68
bal	60	80
tb	58	83
ana	84	57
sea	74	65
oak	69	73
tex	66	74
cle	81	60
det	76	65
min	69	72
kc	62	78
cws	60	81
nym	79	61
phi	73	67
atl	72	69
was	63	78
fla	61	80
ari	79	63
sd	76	64
la	74	67
col	73	67
sf	64	77
chc	71	69
mil	71	69
stl	69	69
cin	64	77
hou	62	79
pit	62	79
bos	86	57
nyy	80	62
tor	72	69
bal	61	80
tb	59	83
ana	84	58
sea	74	66
oak	69	74
tex	67	74
cle	82	60
det	77	65
min	69	73
kc	62	79
cws	61	81
nym	80	61
phi	74	67
atl	73	69
was	63	79
fla	61	81
ari	80	63
sd	77	64
la	75	67
col	73	68
sf	64	78
chc	72	69
mil	72	69
stl	69	70
cin	64	78
hou	62	80
pit	62	80
bos	87	57
nyy	81	62
tor	72	70
bal	61	81
tb	60	83
ana	84	59
sea	75	66
oak	69	75
tex	68	74
cle	83	60
det	77	66
min	70	73
kc	62	80
cws	61	82
nym	81	61
phi	75	67
atl	73	70
was	64	79
fla	61	82
ari	81	63
sd	77	65
la	75	68
col	74	68
sf	65	78
mil	73	69
chc	72	70
stl	69	71
cin	64	79
pit	63	80
hou	62	81
bos	87	58
nyy	81	62
tor	72	71
bal	61	81
tb	61	83
ana	84	59
sea	75	67
oak	70	75
tex	68	74
cle	84	60
det	78	66
min	71	73
kc	62	81
cws	61	83
nym	82	61
phi	76	67
atl	73	71
was	65	79
fla	61	83
ari	82	63
sd	77	65
la	75	68
col	74	69
sf	65	79
chc	73	70
mil	73	70
stl	69	72
cin	64	79
pit	64	80
hou	62	81
bos	88	58
nyy	82	62
tor	72	72
bal	61	82
tb	61	84
ana	85	59
sea	75	68
oak	71	75
tex	69	75
cle	85	60
det	79	67
min	72	73
kc	62	82
cws	61	84
nym	82	62
phi	76	68
atl	74	71
was	65	80
fla	62	83
ari	82	64
sd	78	65
col	75	69
la	75	69
sf	66	79
mil	74	70
chc	73	71
stl	69	73
cin	65	79
pit	64	81
hou	63	81
bos	89	58
nyy	83	62
tor	72	73
bal	61	83
tb	61	85
ana	86	59
sea	76	68
oak	71	76
tex	69	76
cle	85	61
det	80	67
min	72	74
kc	63	82
cws	62	84
nym	83	62
phi	76	69
atl	74	72
was	65	81
fla	63	83
ari	83	64
sd	78	66
col	76	69
la	76	69
sf	66	80
chc	74	71
mil	74	71
stl	69	74
cin	66	79
pit	65	81
hou	63	82
bos	89	58
nyy	83	63
tor	73	73
bal	62	83
tb	61	86
ana	86	60
sea	77	68
oak	72	76
tex	69	77
cle	85	61
det	80	67
min	72	74
kc	63	82
cws	62	84
nym	83	62
phi	77	69
atl	74	72
was	65	81
fla	63	83
ari	83	64
sd	78	67
la	77	69
col	76	70
sf	66	80
chc	75	71
mil	74	71
stl	69	75
cin	67	79
pit	65	81
hou	63	83
bos	89	59
nyy	84	63
tor	73	74
bal	63	83
tb	61	87
ana	86	61
sea	78	68
oak	73	76
tex	69	78
cle	86	61
det	81	67
min	72	75
kc	63	83
cws	63	84
nym	83	63
phi	78	69
atl	75	72
was	65	82
fla	64	83
ari	83	65
sd	79	67
la	78	69
col	76	71
sf	66	81
chc	76	71
mil	74	72
stl	69	76
cin	68	79
pit	66	81
hou	63	84
bos	90	59
nyy	84	64
tor	74	74
bal	63	84
tb	62	87
ana	87	61
sea	78	69
oak	74	76
tex	69	79
cle	87	61
det	82	67
min	72	76
kc	63	84
cws	63	85
nym	83	64
phi	79	69
atl	75	73
was	66	82
fla	65	83
ari	83	66
sd	80	67
la	79	69
col	76	72
sf	66	82
chc	77	72
mil	75	72
stl	70	77
cin	68	80
pit	66	82
hou	64	84
bos	90	60
nyy	85	64
tor	74	75
bal	64	84
tb	63	87
ana	87	62
sea	78	70
oak	74	77
tex	70	79
cle	87	62
det	83	67
min	72	77
kc	64	84
cws	64	85
nym	83	65
phi	80	69
atl	76	73
was	66	83
fla	65	84
ari	84	66
sd	81	67
la	79	70
col	77	72
sf	66	83
chc	78	72
mil	76	72
stl	70	78
cin	68	81
pit	66	83
hou	65	84
bos	90	61
nyy	86	64
tor	75	75
bal	64	85
tb	63	88
ana	88	62
sea	79	70
oak	74	78
tex	70	80
cle	88	62
det	83	68
min	73	77
cws	65	85
kc	64	85
nym	83	66
phi	81	69
atl	77	73
was	67	83
fla	65	85
ari	84	67
sd	82	67
la	79	70
col	77	72
sf	67	83
chc	79	72
mil	77	72
stl	70	79
cin	68	82
pit	66	84
hou	65	85
bos	90	62
nyy	87	64
tor	76	75
bal	64	86
tb	63	89
ana	89	62
sea	80	70
oak	74	79
tex	70	81
cle	89	62
det	83	69
min	74	77
kc	65	85
cws	65	86
nym	83	67
phi	82	69
atl	78	73
was	68	83
fla	65	86
ari	85	67
sd	83	67
col	79	72
la	79	72
sf	67	84
mil	78	72
chc	79	73
stl	70	80
cin	69	82
pit	66	85
hou	65	86
bos	90	63
nyy	88	64
tor	77	75
bal	64	87
tb	63	90
ana	90	62
sea	81	70
oak	74	80
tex	70	82
cle	90	62
det	83	70
min	75	77
cws	66	86
kc	65	86
nym	84	67
phi	82	70
atl	79	73
was	68	84
fla	65	87
ari	86	67
sd	84	67
col	80	72
la	79	73
sf	67	85
chc	80	73
mil	78	73
stl	71	80
cin	69	83
hou	66	86
pit	66	86
bos	90	63
nyy	88	64
tor	77	75
bal	65	87
tb	63	90
ana	91	62
sea	81	71
oak	74	80
tex	70	83
cle	90	62
det	83	70
min	75	77
kc	66	86
cws	66	87
nym	84	68
phi	83	70
atl	80	73
was	68	85
fla	66	87
ari	86	67
sd	85	67
col	81	72
la	79	74
sf	67	86
chc	80	73
mil	78	74
stl	71	81
cin	70	83
hou	67	86
pit	66	87
bos	91	63
nyy	88	65
tor	78	75
bal	65	88
tb	63	91
ana	91	63
sea	82	71
oak	74	81
tex	71	83
cle	91	62
det	84	70
min	75	78
cws	67	87
kc	66	87
nym	85	68
phi	84	70
atl	80	74
was	68	86
fla	66	88
ari	87	67
sd	85	68
col	82	72
la	79	75
sf	67	87
chc	81	73
mil	79	74
stl	71	82
cin	71	83
hou	68	86
pit	66	88
bos	92	63
nyy	89	65
tor	78	76
bal	66	88
tb	63	92
ana	91	64
sea	83	71
oak	75	81
tex	71	84
cle	91	63
det	84	71
min	75	79
cws	68	87
kc	67	87
nym	86	68
phi	85	70
atl	81	74
was	68	87
fla	66	89
ari	88	67
sd	85	69
col	83	72
la	79	76
sf	68	87
chc	82	73
mil	79	75
stl	72	82
cin	71	84
hou	68	87
pit	66	89
bos	92	64
nyy	90	65
tor	78	77
bal	66	89
tb	64	92
ana	92	64
sea	83	72
oak	75	82
tex	72	84
cle	92	63
det	85	71
min	76	79
cws	68	88
kc	67	88
nym	87	68
phi	85	71
atl	82	74
was	69	87
fla	66	90
ari	88	68
sd	85	70
col	84	72
la	80	76
sf	69	87
chc	83	73
mil	79	76
stl	73	82
cin	71	85
hou	68	88
pit	66	90
bos	92	64
nyy	90	66
tor	79	77
bal	67	89
tb	64	92
ana	92	65
sea	83	72
oak	75	82
tex	73	84
cle	92	63
det	85	72
min	77	79
cws	68	88
kc	67	89
nym	87	69
phi	85	71
atl	82	74
was	70	87
fla	66	90
ari	88	68
sd	85	71
col	84	72
la	80	76
sf	70	87
chc	83	73
mil	80	76
stl	73	83
cin	71	85
hou	68	88
pit	66	90
bos	93	64
nyy	90	67
tor	80	77
bal	67	90
tb	65	92
ana	92	66
sea	83	73
oak	75	83
tex	74	84
cle	93	63
det	86	72
min	77	80
cws	68	89
kc	68	89
nym	87	70
phi	85	72
atl	83	74
was	71	87
fla	67	90
ari	88	69
sd	86	71
col	85	72
la	80	77
sf	70	88
chc	83	74
mil	81	76
stl	73	84
cin	71	86
hou	69	88
pit	67	90
bos	94	64
nyy	91	67
tor	81	77
bal	67	91
tb	65	93
ana	92	67
sea	84	74
oak	75	84
tex	75	84
cle	94	64
det	87	72
min	77	81
cws	69	89
kc	68	90
nym	87	71
phi	86	72
atl	83	75
was	72	87
fla	68	90
ari	88	70
sd	87	71
col	86	72
la	80	78
sf	70	89
chc	83	75
mil	81	77
stl	74	84
cin	71	87
hou	70	88
pit	68	90
bos	94	65
nyy	92	67
tor	81	78
bal	68	91
tb	65	94
ana	92	67
sea	85	74
oak	75	84
tex	75	84
cle	94	65
det	87	72
min	78	81
cws	70	89
kc	68	91
nym	87	72
phi	87	72
atl	83	76
was	72	87
fla	69	90
ari	89	70
sd	88	71
col	87	72
la	80	79
sf	70	89
chc	83	76
mil	81	78
stl	75	84
cin	71	88
hou	71	88
pit	68	91
bos	95	65
nyy	92	68
tor	82	78
bal	69	91
tb	65	95
ana	93	67
sea	86	74
oak	75	85
tex	75	85
cle	95	65
det	87	73
min	78	82
cws	71	89
kc	68	92
phi	88	72
nym	87	73
atl	84	76
was	72	88
fla	70	90
ari	90	70
sd	89	71
col	87	73
la	81	79
sf	70	90
chc	84	76
mil	81	79
stl	76	84
cin	71	89
hou	71	89
pit	68	92
bos	96	65
nyy	93	68
tor	83	78
bal	69	92
tb	65	96
ana	94	67
sea	87	74
oak	75	86
tex	75	86
cle	95	66
det	87	74
min	78	83
cws	72	89
kc	69	92
nym	88	73
phi	88	73
atl	84	77
was	73	88
fla	70	91
ari	90	71
sd	89	72
col	88	73
la	82	79
sf	70	91
chc	85	76
mil	82	79
stl	77	84
hou	72	89
cin	71	90
pit	68	93
bos	96	66
nyy	94	68
tor	83	79
bal	69	93
tb	66	96
ana	94	68
sea	88	74
oak	76	86
tex	75	87
cle	96	66
det	88	74
min	79	83
cws	72	90
kc	69	93
phi	89	73
nym	88	74
atl	84	78
was	73	89
fla	71	91
ari	90	72
col	89	73
sd	89	73
la	82	80
sf	71	91
chc	85	77
mil	83	79
stl	78	84
hou	73	89
cin	72	90
pit	68	94
